segment_id,road_name,zone_type,segment_index,start_lat,start_lng,end_lat,end_lng,mid_lat,mid_lng,length_m,road_class,lane_count,speed_limit_kmh,avg_traffic_volume,pothole_density_per_km,surface_rating,lighting_quality,encroachment_level,drainage_quality,has_footpath,accident_count_12mo,fatal_accident_count_12mo,injury_count_12mo,avg_accident_severity,road_quality_index,accident_history_index,safety_score,safety_band
SEG-0001,Ferozepur Road,arterial_highway,0,31.5497,74.3433,31.544304,74.34324,31.547002,74.34327,600.0,arterial,6,85,4517,2.38,3.5,moderate,moderate,moderate,1,5,1,3,3.33,0.6616,0.6459,62.4,moderate
SEG-0002,Ferozepur Road,arterial_highway,1,31.544304,74.34324,31.538909,74.343181,31.541606,74.343211,600.0,arterial,6,90,4085,3.16,3.97,good,none,good,1,8,0,8,3.54,0.8764,0.5716,68.3,moderate
SEG-0003,Ferozepur Road,arterial_highway,2,31.538909,74.343181,31.533513,74.343121,31.536211,74.343151,600.0,arterial,5,80,4131,3.65,3.48,poor,none,poor,0,9,1,5,3.16,0.5566,0.5121,49.8,risky
SEG-0004,Ferozepur Road,arterial_highway,3,31.533513,74.343121,31.528117,74.343062,31.530815,74.343091,600.0,arterial,5,85,4317,6.22,4.37,good,none,moderate,0,8,2,4,3.9,0.764,0.4552,55.1,moderate
SEG-0005,Ferozepur Road,arterial_highway,4,31.528117,74.343062,31.522722,74.343002,31.525419,74.343032,600.0,arterial,6,90,5305,4.42,3.45,moderate,none,good,0,8,1,3,3.48,0.7152,0.5539,63.2,moderate
SEG-0006,Ferozepur Road,arterial_highway,5,31.522722,74.343002,31.517326,74.342942,31.520024,74.342972,600.0,arterial,6,90,4046,6.05,4.4,moderate,moderate,moderate,1,7,1,10,4.24,0.6491,0.4825,59.3,moderate
SEG-0007,Ferozepur Road,arterial_highway,6,31.5135,74.3429,31.512858,74.34122,31.513179,74.34206,174.5,arterial,4,100,3709,3.88,3.41,good,none,poor,1,8,1,8,3.85,0.7279,0.4873,57.8,moderate
SEG-0008,Ferozepur Road,arterial_highway,7,31.512858,74.34122,31.510653,74.335444,31.511756,74.338332,600.0,arterial,5,95,4271,4.49,4.5,good,none,good,1,4,0,12,4.01,0.8846,0.6297,76.3,safe
SEG-0009,Ferozepur Road,arterial_highway,8,31.510653,74.335444,31.508448,74.329668,31.50955,74.332556,600.0,arterial,6,90,3848,6.17,4.23,moderate,none,moderate,0,4,2,14,4.27,0.6812,0.4497,52.8,moderate
SEG-0010,Ferozepur Road,arterial_highway,9,31.508448,74.329668,31.506242,74.323892,31.507345,74.32678,600.0,arterial,4,100,6092,2.73,3.63,good,moderate,moderate,1,6,0,12,4.07,0.7382,0.5696,62.7,moderate
SEG-0011,Ferozepur Road,arterial_highway,10,31.506242,74.323892,31.504037,74.318116,31.50514,74.321004,600.0,arterial,5,100,6038,2.79,3.8,moderate,none,good,0,8,2,8,3.95,0.7677,0.4093,52.8,moderate
SEG-0012,Ferozepur Road,arterial_highway,11,31.504037,74.318116,31.501832,74.31234,31.502934,74.315228,600.0,arterial,6,85,3464,4.08,3.46,poor,none,moderate,0,5,2,13,3.16,0.5973,0.4649,59.2,moderate
SEG-0013,Ferozepur Road,arterial_highway,12,31.501832,74.31234,31.499626,74.306564,31.500729,74.309452,600.0,arterial,6,90,3980,3.23,4.09,moderate,none,good,0,6,0,11,3.53,0.7776,0.5969,61.9,moderate
SEG-0014,Ferozepur Road,arterial_highway,13,31.499626,74.306564,31.497421,74.300788,31.498523,74.303676,600.0,arterial,4,85,3822,2.5,4.06,good,none,moderate,0,6,1,6,4.27,0.8144,0.5552,72.7,moderate
SEG-0015,Ferozepur Road,arterial_highway,14,31.497421,74.300788,31.495215,74.295012,31.496318,74.2979,600.0,arterial,4,100,6030,4.05,4.38,moderate,none,good,0,4,1,6,3.59,0.7803,0.634,74.4,moderate
SEG-0016,Ferozepur Road,arterial_highway,15,31.495215,74.295012,31.49301,74.289236,31.494113,74.292124,600.0,arterial,6,100,4918,6.22,3.48,good,none,moderate,0,4,1,15,3.83,0.7084,0.5268,63.2,moderate
SEG-0017,Ferozepur Road,arterial_highway,16,31.4925,74.2879,31.488872,74.285543,31.490686,74.286721,461.2,arterial,6,85,6133,4.45,4.21,poor,moderate,moderate,1,5,1,11,3.38,0.5922,0.5555,63.5,moderate
SEG-0018,Ferozepur Road,arterial_highway,17,31.488872,74.285543,31.484152,74.282477,31.486512,74.28401,600.0,arterial,6,85,4033,3.26,3.98,good,none,moderate,0,5,1,5,3.91,0.7951,0.6063,75.8,safe
SEG-0019,Ferozepur Road,arterial_highway,18,31.484152,74.282477,31.479432,74.279411,31.481792,74.280944,600.0,arterial,6,100,3471,4.11,4.48,good,none,moderate,1,5,2,14,4.22,0.8404,0.422,61.5,moderate
SEG-0020,Ferozepur Road,arterial_highway,19,31.479432,74.279411,31.474712,74.276345,31.477072,74.277878,600.0,arterial,4,95,4915,5.61,4.14,good,severe,moderate,0,4,2,6,4.23,0.6111,0.5398,59.3,moderate
SEG-0021,Ferozepur Road,arterial_highway,20,31.474712,74.276345,31.469992,74.273279,31.472352,74.274812,600.0,arterial,6,95,4043,5.25,3.32,moderate,none,moderate,0,9,2,4,3.62,0.6416,0.4345,53.7,moderate
SEG-0022,Ferozepur Road,arterial_highway,21,31.469992,74.273279,31.465272,74.270213,31.467632,74.271746,600.0,arterial,5,90,3587,5.36,4.04,moderate,moderate,moderate,0,8,0,3,3.55,0.6095,0.6268,62.1,moderate
SEG-0023,Ferozepur Road,arterial_highway,22,31.465272,74.270213,31.460552,74.267147,31.462912,74.26868,600.0,arterial,4,100,3881,4.49,3.73,poor,none,good,1,4,2,14,3.6,0.6864,0.4698,56.1,moderate
SEG-0024,Ferozepur Road,arterial_highway,23,31.460552,74.267147,31.455832,74.264081,31.458192,74.265614,600.0,arterial,4,85,6024,6.0,4.38,good,moderate,good,0,6,2,12,3.4,0.7437,0.4397,57.6,moderate
SEG-0025,Multan Road,arterial_highway,0,31.54,74.31,31.534984,74.307666,31.537492,74.308833,600.0,arterial,5,85,4848,4.12,3.37,poor,none,poor,0,3,1,4,3.18,0.5409,0.6977,68.2,moderate
SEG-0026,Multan Road,arterial_highway,1,31.534984,74.307666,31.529968,74.305333,31.532476,74.3065,600.0,arterial,4,80,5298,2.72,3.56,good,moderate,moderate,1,8,0,1,3.39,0.734,0.6539,72.3,moderate
SEG-0027,Multan Road,arterial_highway,2,31.529968,74.305333,31.524953,74.302999,31.527461,74.304166,600.0,arterial,6,80,2520,4.23,3.27,good,none,moderate,0,5,1,8,4.05,0.7326,0.5688,64.9,moderate
SEG-0028,Multan Road,arterial_highway,3,31.524953,74.302999,31.519937,74.300665,31.522445,74.301832,600.0,arterial,4,90,3288,3.04,4.22,good,moderate,moderate,0,4,0,3,2.99,0.7392,0.7603,72.3,moderate
SEG-0029,Multan Road,arterial_highway,4,31.519937,74.300665,31.514921,74.298332,31.517429,74.299499,600.0,arterial,5,85,4888,3.0,4.21,good,moderate,moderate,0,3,1,7,3.24,0.7394,0.6625,64.5,moderate
SEG-0030,Multan Road,arterial_highway,5,31.514921,74.298332,31.509905,74.295998,31.512413,74.297165,600.0,arterial,5,90,4285,3.36,3.99,good,moderate,moderate,0,7,1,8,3.11,0.7189,0.5386,65.0,moderate
SEG-0031,Multan Road,arterial_highway,6,31.509905,74.295998,31.504889,74.293664,31.507397,74.294831,600.0,arterial,4,85,5045,2.11,2.83,moderate,none,good,0,6,0,4,3.01,0.7198,0.6903,67.3,moderate
SEG-0032,Multan Road,arterial_highway,7,31.504889,74.293664,31.499874,74.291331,31.502382,74.292498,600.0,arterial,6,90,2537,4.76,4.12,good,none,good,1,7,1,9,3.69,0.8558,0.5101,60.5,moderate
SEG-0033,Multan Road,arterial_highway,8,31.499874,74.291331,31.494858,74.288997,31.497366,74.290164,600.0,arterial,6,95,3667,5.27,3.69,good,moderate,moderate,0,4,0,10,3.41,0.6643,0.6699,66.8,moderate
SEG-0034,Multan Road,arterial_highway,9,31.4925,74.2879,31.490473,74.285536,31.491486,74.286718,317.9,arterial,6,85,3202,2.43,3.96,moderate,none,moderate,0,5,0,2,3.72,0.7344,0.7203,65.1,moderate
SEG-0035,Multan Road,arterial_highway,10,31.490473,74.285536,31.486647,74.281074,31.48856,74.283305,600.0,arterial,4,95,3555,4.14,2.89,moderate,none,moderate,0,7,0,10,3.57,0.6355,0.5776,51.2,moderate
SEG-0036,Multan Road,arterial_highway,11,31.486647,74.281074,31.482821,74.276613,31.484734,74.278843,600.0,arterial,6,90,4196,2.51,3.38,good,moderate,moderate,1,3,0,0,3.26,0.7267,0.8147,78.4,safe
SEG-0037,Multan Road,arterial_highway,12,31.482821,74.276613,31.478995,74.272151,31.480908,74.274382,600.0,arterial,6,90,5107,4.03,3.4,moderate,none,poor,0,6,0,5,3.95,0.6194,0.6509,64.8,moderate
SEG-0038,Multan Road,arterial_highway,13,31.478995,74.272151,31.475169,74.267689,31.477082,74.26992,600.0,arterial,5,85,2632,2.63,3.48,moderate,moderate,moderate,1,5,2,4,3.67,0.6557,0.5496,63.1,moderate
SEG-0039,Multan Road,arterial_highway,14,31.475169,74.267689,31.471343,74.263228,31.473256,74.265459,600.0,arterial,4,90,3102,4.44,3.77,good,moderate,poor,0,2,1,5,3.16,0.6349,0.7163,63.9,moderate
SEG-0040,Multan Road,arterial_highway,15,31.471343,74.263228,31.467517,74.258766,31.46943,74.260997,600.0,arterial,6,80,3322,5.17,3.87,good,none,moderate,0,8,0,8,2.92,0.7524,0.5902,71.1,moderate
SEG-0041,Multan Road,arterial_highway,16,31.467517,74.258766,31.463691,74.254305,31.465604,74.256536,600.0,arterial,6,95,4775,4.08,3.74,poor,moderate,good,0,2,1,7,2.91,0.5898,0.7016,64.2,moderate
SEG-0042,Multan Road,arterial_highway,17,31.46,74.25,31.459835,74.24989,31.459918,74.249945,21.1,arterial,5,90,3693,3.0,3.53,moderate,none,good,0,8,0,9,3.52,0.7469,0.5611,64.9,moderate
SEG-0043,Multan Road,arterial_highway,18,31.459835,74.24989,31.455145,74.246763,31.45749,74.248327,600.0,arterial,4,85,3739,3.25,3.45,good,none,good,0,5,1,4,3.47,0.8122,0.6306,70.0,moderate
SEG-0044,Multan Road,arterial_highway,19,31.455145,74.246763,31.450455,74.243637,31.4528,74.2452,600.0,arterial,6,80,5231,2.74,3.18,moderate,moderate,good,1,6,1,9,3.72,0.6849,0.5384,65.3,moderate
SEG-0045,Multan Road,arterial_highway,20,31.450455,74.243637,31.445765,74.24051,31.44811,74.242073,600.0,arterial,6,85,4378,3.9,3.53,good,none,moderate,0,5,0,12,3.54,0.755,0.6146,65.9,moderate
SEG-0046,Multan Road,arterial_highway,21,31.445765,74.24051,31.441074,74.237383,31.443419,74.238946,600.0,arterial,6,80,3036,2.54,3.14,good,none,moderate,0,6,2,6,3.19,0.7561,0.5126,67.0,moderate
SEG-0047,Multan Road,arterial_highway,22,31.441074,74.237383,31.436384,74.234256,31.438729,74.23582,600.0,arterial,6,80,2523,1.72,3.09,moderate,none,poor,1,4,1,7,3.8,0.6734,0.6166,65.0,moderate
SEG-0048,Multan Road,arterial_highway,23,31.436384,74.234256,31.431694,74.231129,31.434039,74.232693,600.0,arterial,5,80,2583,2.46,3.51,moderate,severe,moderate,0,5,1,1,3.88,0.5557,0.6517,60.7,moderate
SEG-0049,Multan Road,arterial_highway,24,31.431694,74.231129,31.427004,74.228003,31.429349,74.229566,600.0,arterial,6,95,3064,5.11,2.92,moderate,moderate,moderate,0,4,0,10,4.11,0.5442,0.6489,57.8,moderate
SEG-0050,Multan Road,arterial_highway,25,31.427004,74.228003,31.422314,74.224876,31.424659,74.226439,600.0,arterial,6,80,3106,3.76,3.91,good,none,moderate,0,3,0,8,3.43,0.7814,0.7207,80.3,safe
SEG-0051,Multan Road,arterial_highway,26,31.422314,74.224876,31.417624,74.221749,31.419969,74.223312,600.0,arterial,4,95,4750,1.45,3.23,moderate,moderate,poor,0,6,1,5,3.53,0.5822,0.5885,53.3,moderate
SEG-0052,Multan Road,arterial_highway,27,31.417624,74.221749,31.412933,74.218622,31.415278,74.220186,600.0,arterial,6,95,3704,4.62,2.9,moderate,none,moderate,0,4,0,3,3.52,0.6271,0.7444,61.6,moderate
SEG-0053,Multan Road,arterial_highway,28,31.412933,74.218622,31.408243,74.215495,31.410588,74.217059,600.0,arterial,4,80,5272,3.07,3.69,good,moderate,moderate,0,5,1,12,3.7,0.7056,0.5348,61.9,moderate
SEG-0054,Multan Road,arterial_highway,29,31.408243,74.215495,31.403553,74.212369,31.405898,74.213932,600.0,arterial,6,85,4829,4.34,3.5,good,moderate,poor,0,5,0,3,2.96,0.6199,0.732,68.7,moderate
SEG-0055,Canal Bank Road,arterial_highway,0,31.555,74.355,31.549999,74.352622,31.5525,74.353811,600.0,arterial,4,85,3333,2.97,3.54,good,none,good,0,8,0,6,4.11,0.8231,0.5767,67.2,moderate
SEG-0056,Canal Bank Road,arterial_highway,1,31.549999,74.352622,31.544998,74.350244,31.547499,74.351433,600.0,arterial,4,80,4037,2.97,3.08,moderate,moderate,moderate,0,4,1,1,4.09,0.5943,0.6745,59.3,moderate
SEG-0057,Canal Bank Road,arterial_highway,2,31.544998,74.350244,31.539997,74.347867,31.542498,74.349055,600.0,arterial,4,80,4914,3.76,3.16,moderate,moderate,moderate,1,7,1,1,4.04,0.6145,0.5885,58.5,moderate
SEG-0058,Canal Bank Road,arterial_highway,3,31.539997,74.347867,31.534996,74.345489,31.537497,74.346678,600.0,arterial,4,95,3914,2.98,3.52,moderate,none,poor,0,7,0,9,3.36,0.6466,0.595,68.1,moderate
SEG-0059,Canal Bank Road,arterial_highway,4,31.534996,74.345489,31.529995,74.343111,31.532496,74.3443,600.0,arterial,6,90,4369,5.06,3.56,good,none,moderate,0,4,1,4,3.82,0.7351,0.6493,62.6,moderate
SEG-0060,Canal Bank Road,arterial_highway,5,31.5285,74.3424,31.524893,74.341065,31.526696,74.341732,420.6,arterial,5,80,4624,4.8,4.27,moderate,none,good,0,7,0,8,3.89,0.7594,0.5902,74.0,moderate
SEG-0061,Canal Bank Road,arterial_highway,6,31.524893,74.341065,31.519747,74.33916,31.52232,74.340112,600.0,arterial,4,95,3710,5.24,3.54,poor,none,moderate,0,5,1,4,3.67,0.5805,0.6246,62.8,moderate
SEG-0062,Canal Bank Road,arterial_highway,7,31.519747,74.33916,31.514601,74.337255,31.517174,74.338208,600.0,arterial,6,95,3530,5.2,3.3,good,moderate,good,0,6,1,10,2.87,0.6912,0.5528,65.9,moderate
SEG-0063,Canal Bank Road,arterial_highway,8,31.514601,74.337255,31.509455,74.335351,31.512028,74.336303,600.0,arterial,5,100,4671,1.6,3.74,good,severe,moderate,0,2,0,3,2.86,0.6613,0.8225,73.6,moderate
SEG-0064,Canal Bank Road,arterial_highway,9,31.509455,74.335351,31.50431,74.333446,31.506883,74.334398,600.0,arterial,4,80,2626,2.76,3.44,moderate,none,moderate,0,5,0,11,3.01,0.6958,0.6416,68.1,moderate
SEG-0065,Canal Bank Road,arterial_highway,10,31.50431,74.333446,31.499164,74.331541,31.501737,74.332494,600.0,arterial,5,90,2863,3.17,3.18,moderate,none,good,0,4,1,7,3.38,0.7218,0.6292,67.5,moderate
SEG-0066,Canal Bank Road,arterial_highway,11,31.495,74.33,31.49428,74.329137,31.49464,74.329568,114.5,arterial,6,85,4487,2.12,3.37,moderate,none,moderate,1,7,0,0,3.95,0.7334,0.6773,78.3,safe
SEG-0067,Canal Bank Road,arterial_highway,12,31.49428,74.329137,31.490509,74.324611,31.492395,74.326874,599.9,arterial,5,95,3080,4.43,4.26,good,moderate,good,0,3,0,3,3.81,0.7657,0.7649,77.2,safe
SEG-0068,Canal Bank Road,arterial_highway,13,31.490509,74.324611,31.486739,74.320086,31.488624,74.322349,599.9,arterial,4,90,4587,1.87,2.94,good,none,good,1,4,1,2,3.0,0.8362,0.6961,70.6,moderate
SEG-0069,Canal Bank Road,arterial_highway,14,31.486739,74.320086,31.482968,74.315561,31.484853,74.317824,600.0,arterial,5,95,5222,3.48,4.25,moderate,moderate,good,0,4,1,9,3.43,0.7079,0.6054,71.6,moderate
SEG-0070,Canal Bank Road,arterial_highway,15,31.482968,74.315561,31.479197,74.311036,31.481082,74.313299,600.0,arterial,6,85,4762,2.22,3.81,good,none,good,1,5,1,8,3.7,0.884,0.5793,76.2,safe
SEG-0071,Canal Bank Road,arterial_highway,16,31.479197,74.311036,31.475426,74.306511,31.477311,74.308773,600.0,arterial,4,90,5219,3.66,4.03,good,none,moderate,0,5,1,7,3.43,0.7908,0.5985,67.7,moderate
SEG-0072,Canal Bank Road,arterial_highway,17,31.475426,74.306511,31.471655,74.301986,31.47354,74.304248,600.0,arterial,4,95,2796,1.79,2.86,poor,severe,poor,0,6,1,11,3.37,0.4027,0.5267,40.9,risky
SEG-0073,Canal Bank Road,arterial_highway,18,31.471655,74.301986,31.467884,74.297461,31.469769,74.299723,600.0,arterial,5,95,3229,4.29,3.03,moderate,none,moderate,0,3,0,2,3.3,0.6414,0.7913,75.4,safe
SEG-0074,Canal Bank Road,arterial_highway,19,31.467884,74.297461,31.464113,74.292935,31.465998,74.295198,600.0,arterial,5,80,3026,4.93,3.76,poor,none,good,0,8,0,4,4.11,0.6501,0.5989,62.0,moderate
SEG-0075,Canal Bank Road,arterial_highway,20,31.464113,74.292935,31.460342,74.28841,31.462227,74.290673,600.0,arterial,4,85,2832,4.47,3.1,good,moderate,moderate,0,2,1,1,2.99,0.6424,0.7659,70.4,moderate
SEG-0076,Canal Bank Road,arterial_highway,21,31.460342,74.28841,31.456571,74.283885,31.458456,74.286148,600.0,arterial,5,80,3186,3.97,2.84,poor,moderate,moderate,1,4,0,0,3.41,0.5156,0.781,67.3,moderate
SEG-0077,Canal Bank Road,arterial_highway,22,31.456571,74.283885,31.4528,74.27936,31.454686,74.281623,600.1,arterial,6,95,4990,2.77,3.69,moderate,none,moderate,0,5,2,0,3.45,0.7112,0.6007,60.6,moderate
SEG-0078,Canal Bank Road,arterial_highway,23,31.4528,74.27936,31.449029,74.274835,31.450915,74.277098,600.1,arterial,4,80,4262,3.28,4.16,poor,none,moderate,0,6,0,7,3.21,0.656,0.6509,68.9,moderate
SEG-0079,Canal Bank Road,arterial_highway,24,31.449029,74.274835,31.445258,74.27031,31.447144,74.272572,600.1,arterial,6,90,3035,3.34,3.44,good,none,moderate,0,3,0,5,3.36,0.7599,0.7561,79.3,safe
SEG-0080,Ring Road (Babu Sabu - Shahdara section),arterial_highway,0,31.555,74.245,31.558827,74.249465,31.556913,74.247232,600.0,arterial,4,90,5531,3.83,3.33,good,none,good,0,4,0,15,3.82,0.7938,0.6021,72.2,moderate
SEG-0081,Ring Road (Babu Sabu - Shahdara section),arterial_highway,1,31.558827,74.249465,31.562654,74.25393,31.56074,74.251697,600.0,arterial,6,80,4160,5.01,3.72,good,moderate,moderate,0,4,1,5,3.71,0.6711,0.6415,67.8,moderate
SEG-0082,Ring Road (Babu Sabu - Shahdara section),arterial_highway,2,31.562654,74.25393,31.566481,74.258394,31.564567,74.256162,600.0,arterial,6,100,5752,4.56,3.27,moderate,none,moderate,0,7,0,14,4.16,0.6514,0.5155,55.3,moderate
SEG-0083,Ring Road (Babu Sabu - Shahdara section),arterial_highway,3,31.566481,74.258394,31.570308,74.262859,31.568394,74.260627,600.0,arterial,4,85,3727,3.4,3.37,good,none,moderate,0,4,2,15,3.21,0.7544,0.4704,57.4,moderate
SEG-0084,Ring Road (Babu Sabu - Shahdara section),arterial_highway,4,31.570308,74.262859,31.574135,74.267324,31.572221,74.265092,600.0,arterial,6,85,3455,4.14,3.34,moderate,none,good,1,7,2,6,3.95,0.7436,0.4607,59.5,moderate
SEG-0085,Ring Road (Babu Sabu - Shahdara section),arterial_highway,5,31.574135,74.267324,31.577962,74.271789,31.576048,74.269556,600.0,arterial,5,85,5332,4.27,3.76,moderate,moderate,poor,0,7,1,6,4.37,0.5624,0.5231,56.8,moderate
SEG-0086,Ring Road (Babu Sabu - Shahdara section),arterial_highway,6,31.577962,74.271789,31.581789,74.276254,31.579875,74.274021,600.0,arterial,5,95,3824,6.11,4.25,good,none,poor,0,8,1,13,4.13,0.7086,0.4233,57.5,moderate
SEG-0087,Ring Road (Babu Sabu - Shahdara section),arterial_highway,7,31.585,74.28,31.585523,74.280814,31.585261,74.280407,96.5,arterial,5,95,5017,2.62,4.39,poor,none,good,0,6,0,3,3.51,0.7327,0.6864,72.7,moderate
SEG-0088,Ring Road (Babu Sabu - Shahdara section),arterial_highway,8,31.585523,74.280814,31.588774,74.28587,31.587148,74.283342,600.1,arterial,6,90,3533,5.66,4.48,poor,moderate,moderate,0,8,1,13,3.19,0.5564,0.4515,45.1,risky
SEG-0089,Ring Road (Babu Sabu - Shahdara section),arterial_highway,9,31.588774,74.28587,31.592025,74.290927,31.590399,74.288399,600.1,arterial,6,95,4006,4.86,3.89,moderate,moderate,moderate,1,5,1,12,3.94,0.6395,0.5276,61.4,moderate
SEG-0090,Ring Road (Babu Sabu - Shahdara section),arterial_highway,10,31.592025,74.290927,31.595276,74.295984,31.59365,74.293456,600.1,arterial,6,95,6257,4.31,4.23,good,none,good,0,9,1,8,3.7,0.8411,0.4626,71.4,moderate
SEG-0091,Ring Road (Babu Sabu - Shahdara section),arterial_highway,11,31.595276,74.295984,31.598526,74.301041,31.596901,74.298513,600.0,arterial,5,90,3468,4.86,4.29,moderate,none,poor,0,4,2,13,3.89,0.6595,0.4722,52.1,moderate
SEG-0092,Ring Road (Babu Sabu - Shahdara section),arterial_highway,12,31.598526,74.301041,31.601777,74.306098,31.600152,74.30357,600.0,arterial,6,85,5112,4.55,4.29,good,none,good,0,9,1,13,4.17,0.8403,0.393,61.5,moderate
SEG-0093,Ring Road (Babu Sabu - Shahdara section),arterial_highway,13,31.601777,74.306098,31.605028,74.311155,31.603403,74.308626,600.0,arterial,5,90,5127,6.26,3.23,good,none,moderate,0,9,1,12,3.97,0.692,0.4101,60.4,moderate
SEG-0094,Ring Road (Babu Sabu - Shahdara section),arterial_highway,14,31.605028,74.311155,31.608279,74.316212,31.606654,74.313683,600.0,arterial,6,100,5105,3.67,3.59,moderate,none,moderate,1,4,2,14,3.49,0.7181,0.4731,61.4,moderate
SEG-0095,Ring Road (Babu Sabu - Shahdara section),arterial_highway,15,31.608279,74.316212,31.61153,74.321269,31.609904,74.31874,600.0,arterial,6,90,5672,4.95,4.09,poor,moderate,poor,0,8,2,12,3.98,0.4953,0.3639,37.3,risky
SEG-0096,Ring Road (Babu Sabu - Shahdara section),arterial_highway,16,31.61153,74.321269,31.614781,74.326326,31.613155,74.323797,600.0,arterial,5,85,6297,4.02,3.64,moderate,none,moderate,1,5,2,9,3.79,0.7146,0.4905,59.3,moderate
SEG-0097,Ring Road (Babu Sabu - Shahdara section),arterial_highway,17,31.614781,74.326326,31.618032,74.331382,31.616406,74.328854,600.0,arterial,6,90,3784,5.28,3.89,good,moderate,moderate,0,8,2,5,3.65,0.6766,0.4516,51.3,moderate
SEG-0098,Ring Road (Babu Sabu - Shahdara section),arterial_highway,18,31.618032,74.331382,31.621282,74.336439,31.619657,74.333911,600.0,arterial,6,85,6194,3.28,3.77,moderate,moderate,moderate,0,9,1,11,3.83,0.6316,0.4254,56.0,moderate
SEG-0099,Ring Road (Babu Sabu - Shahdara section),arterial_highway,19,31.621282,74.336439,31.624533,74.341496,31.622908,74.338968,599.9,arterial,4,95,5701,4.09,4.25,good,none,moderate,1,5,1,14,3.81,0.8264,0.5093,73.0,moderate
SEG-0100,Ring Road (Babu Sabu - Shahdara section),arterial_highway,20,31.624533,74.341496,31.627784,74.346553,31.626159,74.344025,599.9,arterial,4,100,3572,5.73,3.53,good,none,good,0,8,2,14,3.63,0.7707,0.3522,60.8,moderate
SEG-0101,Ring Road (Harbanspura - Bedian section),arterial_highway,0,31.575,74.37,31.571082,74.374354,31.573041,74.372177,599.9,arterial,4,95,4763,3.29,3.52,poor,none,moderate,0,3,0,11,3.85,0.6158,0.6748,68.6,moderate
SEG-0102,Ring Road (Harbanspura - Bedian section),arterial_highway,1,31.571082,74.374354,31.567164,74.378707,31.569123,74.37653,599.9,arterial,6,100,4640,3.59,2.95,poor,none,good,0,7,0,3,3.26,0.6246,0.6647,69.3,moderate
SEG-0103,Ring Road (Harbanspura - Bedian section),arterial_highway,2,31.567164,74.378707,31.563245,74.383061,31.565204,74.380884,600.0,arterial,6,80,4360,4.35,3.87,poor,moderate,moderate,1,3,1,9,3.26,0.5728,0.6397,55.5,moderate
SEG-0104,Ring Road (Harbanspura - Bedian section),arterial_highway,3,31.563245,74.383061,31.559327,74.387414,31.561286,74.385237,600.0,arterial,6,90,3985,2.14,4.4,poor,none,moderate,0,6,2,4,2.97,0.6924,0.5415,64.7,moderate
SEG-0105,Ring Road (Harbanspura - Bedian section),arterial_highway,4,31.559327,74.387414,31.555409,74.391768,31.557368,74.389591,600.0,arterial,6,95,3214,4.95,3.46,good,moderate,good,0,5,1,11,3.84,0.7059,0.5417,66.9,moderate
SEG-0106,Ring Road (Harbanspura - Bedian section),arterial_highway,5,31.555409,74.391768,31.551491,74.396121,31.55345,74.393945,600.0,arterial,4,80,3412,2.52,3.14,good,moderate,poor,1,8,1,13,3.65,0.6615,0.4377,54.4,moderate
SEG-0107,Ring Road (Harbanspura - Bedian section),arterial_highway,6,31.551491,74.396121,31.547573,74.400475,31.549532,74.398298,600.0,arterial,6,85,3187,2.81,4.07,moderate,none,good,0,8,1,12,3.45,0.7842,0.4548,66.6,moderate
SEG-0108,Ring Road (Harbanspura - Bedian section),arterial_highway,7,31.547573,74.400475,31.543654,74.404829,31.545613,74.402652,600.0,arterial,4,90,5799,3.78,4.32,moderate,moderate,moderate,1,4,0,5,3.33,0.6866,0.7279,70.0,moderate
SEG-0109,Ring Road (Harbanspura - Bedian section),arterial_highway,8,31.543654,74.404829,31.539736,74.409182,31.541695,74.407005,600.0,arterial,6,95,3871,3.58,4.01,moderate,none,moderate,0,4,2,13,3.04,0.716,0.4977,58.2,moderate
SEG-0110,Ring Road (Harbanspura - Bedian section),arterial_highway,9,31.539736,74.409182,31.535818,74.413536,31.537777,74.411359,600.0,arterial,5,80,3015,5.0,3.96,good,none,moderate,0,5,1,8,3.73,0.7613,0.5784,64.1,moderate
SEG-0111,Ring Road (Harbanspura - Bedian section),arterial_highway,10,31.535818,74.413536,31.5319,74.417889,31.533859,74.415712,600.1,arterial,6,85,3757,4.51,4.36,moderate,moderate,moderate,1,8,0,3,3.62,0.6754,0.6247,66.7,moderate
SEG-0112,Ring Road (Harbanspura - Bedian section),arterial_highway,11,31.53,74.42,31.527547,74.421533,31.528773,74.420767,309.1,arterial,5,85,3221,4.89,3.99,moderate,moderate,moderate,1,4,1,13,4.0,0.6452,0.5439,58.4,moderate
SEG-0113,Ring Road (Harbanspura - Bedian section),arterial_highway,12,31.527547,74.421533,31.522785,74.42451,31.525166,74.423021,600.0,arterial,5,95,5368,5.66,4.42,good,moderate,moderate,0,8,1,11,3.61,0.7026,0.4611,60.1,moderate
SEG-0114,Ring Road (Harbanspura - Bedian section),arterial_highway,13,31.522785,74.42451,31.518023,74.427486,31.520404,74.425998,600.0,arterial,6,80,5466,2.35,4.12,poor,moderate,moderate,1,5,1,7,3.48,0.6259,0.597,63.0,moderate
SEG-0115,Ring Road (Harbanspura - Bedian section),arterial_highway,14,31.518023,74.427486,31.51326,74.430462,31.515642,74.428974,600.0,arterial,5,95,3847,3.43,3.8,poor,none,poor,0,7,1,3,4.2,0.5807,0.5615,49.1,risky
SEG-0116,Ring Road (Harbanspura - Bedian section),arterial_highway,15,31.51326,74.430462,31.508498,74.433439,31.510879,74.43195,600.0,arterial,6,85,5656,2.01,3.12,moderate,none,moderate,0,4,0,4,4.19,0.6898,0.7132,73.8,moderate
SEG-0117,Ring Road (Harbanspura - Bedian section),arterial_highway,16,31.508498,74.433439,31.503736,74.436415,31.506117,74.434927,600.0,arterial,6,100,3276,2.89,3.88,good,none,moderate,0,7,1,11,3.68,0.7958,0.4882,64.6,moderate
SEG-0118,Ring Road (Harbanspura - Bedian section),arterial_highway,17,31.503736,74.436415,31.498974,74.439391,31.501355,74.437903,600.0,arterial,5,90,2904,1.97,3.9,moderate,moderate,good,0,6,1,5,3.26,0.7143,0.5966,64.7,moderate
SEG-0119,Ring Road (Harbanspura - Bedian section),arterial_highway,18,31.498974,74.439391,31.494212,74.442367,31.496593,74.440879,600.0,arterial,5,90,3426,5.02,3.55,moderate,moderate,poor,0,5,1,10,4.07,0.5353,0.546,56.2,moderate
SEG-0120,Lahore-Sialkot Motorway Link (GT Road towards Shahdara),arterial_highway,0,31.602,74.327,31.60404,74.332865,31.60302,74.329933,600.0,arterial,4,80,5603,3.99,3.4,moderate,none,moderate,0,5,2,12,3.99,0.6702,0.4511,55.7,moderate
SEG-0121,Lahore-Sialkot Motorway Link (GT Road towards Shahdara),arterial_highway,1,31.60404,74.332865,31.60608,74.338731,31.60506,74.335798,600.0,arterial,5,90,3693,5.48,4.0,moderate,none,good,1,8,1,13,3.21,0.7598,0.4509,59.8,moderate
SEG-0122,Lahore-Sialkot Motorway Link (GT Road towards Shahdara),arterial_highway,2,31.60608,74.338731,31.60812,74.344596,31.6071,74.341663,600.0,arterial,4,90,5414,3.72,4.25,good,none,moderate,0,7,1,6,3.67,0.8034,0.5441,68.4,moderate
SEG-0123,Lahore-Sialkot Motorway Link (GT Road towards Shahdara),arterial_highway,3,31.61,74.35,31.61008,74.34951,31.61004,74.349755,47.2,arterial,5,95,4637,2.52,3.75,poor,none,good,0,3,0,6,4.22,0.6946,0.7192,67.1,moderate
SEG-0124,Lahore-Sialkot Motorway Link (GT Road towards Shahdara),arterial_highway,4,31.61008,74.34951,31.611103,74.343289,31.610592,74.3464,600.0,arterial,6,85,4188,2.32,3.83,moderate,none,poor,0,6,1,5,3.73,0.6784,0.5825,61.7,moderate
SEG-0125,Lahore-Sialkot Motorway Link (GT Road towards Shahdara),arterial_highway,5,31.611103,74.343289,31.612125,74.337067,31.611614,74.340178,600.0,arterial,6,90,4893,2.39,4.41,good,none,moderate,1,7,1,9,4.21,0.8683,0.4945,62.0,moderate
SEG-0126,Lahore-Sialkot Motorway Link (GT Road towards Shahdara),arterial_highway,6,31.612125,74.337067,31.613147,74.330846,31.612636,74.333957,600.0,arterial,6,90,4931,4.64,3.95,poor,none,good,0,4,1,9,4.03,0.6674,0.5874,59.2,moderate
SEG-0127,Lahore-Sialkot Motorway Link (GT Road towards Shahdara),arterial_highway,7,31.613147,74.330846,31.61417,74.324624,31.613658,74.327735,600.0,arterial,4,90,4023,2.33,3.94,poor,moderate,poor,0,4,1,8,3.55,0.5351,0.6129,61.1,moderate
SEG-0128,Lahore-Sialkot Motorway Link (GT Road towards Shahdara),arterial_highway,8,31.61417,74.324624,31.615192,74.318403,31.614681,74.321514,600.0,arterial,5,85,3287,4.56,3.7,moderate,severe,moderate,0,5,1,10,3.87,0.5283,0.552,48.8,risky
SEG-0129,Lahore-Sialkot Motorway Link (GT Road towards Shahdara),arterial_highway,9,31.615192,74.318403,31.616214,74.312181,31.615703,74.315292,600.0,arterial,6,85,5591,4.31,3.96,good,none,moderate,0,7,1,9,3.57,0.7742,0.5137,59.3,moderate
SEG-0130,Lahore-Sialkot Motorway Link (GT Road towards Shahdara),arterial_highway,10,31.616214,74.312181,31.617236,74.30596,31.616725,74.30907,600.0,arterial,5,95,5631,5.48,4.0,moderate,moderate,moderate,0,4,0,10,3.38,0.6048,0.6708,64.4,moderate
SEG-0131,Lahore-Sialkot Motorway Link (GT Road towards Shahdara),arterial_highway,11,31.617236,74.30596,31.618259,74.299738,31.617747,74.302849,600.0,arterial,6,95,3179,3.51,3.31,moderate,none,moderate,0,6,0,9,3.62,0.6736,0.6164,63.6,moderate
SEG-0132,Lahore-Sialkot Motorway Link (GT Road towards Shahdara),arterial_highway,12,31.618259,74.299738,31.619281,74.293517,31.61877,74.296627,600.0,arterial,6,100,3241,3.39,4.0,poor,moderate,poor,0,8,1,9,3.92,0.5189,0.4741,48.6,risky
SEG-0133,GT Road towards Wagah,arterial_highway,0,31.57,74.4,31.570525,74.406303,31.570263,74.403152,600.0,arterial,6,95,5427,2.72,2.96,good,moderate,moderate,0,3,2,3,4.08,0.6665,0.6068,67.7,moderate
SEG-0134,GT Road towards Wagah,arterial_highway,1,31.570525,74.406303,31.571051,74.412607,31.570788,74.409455,600.0,arterial,4,85,4425,3.56,4.28,good,moderate,good,0,4,1,8,3.57,0.7833,0.6123,69.7,moderate
SEG-0135,GT Road towards Wagah,arterial_highway,2,31.571051,74.412607,31.571576,74.41891,31.571313,74.415758,600.0,arterial,5,80,3994,5.13,3.07,moderate,none,good,1,3,1,10,3.63,0.7082,0.6175,66.4,moderate
SEG-0136,GT Road towards Wagah,arterial_highway,3,31.571576,74.41891,31.572101,74.425213,31.571838,74.422062,600.0,arterial,6,80,5562,5.0,4.22,good,none,poor,0,8,0,5,3.47,0.7275,0.607,64.2,moderate
SEG-0137,GT Road towards Wagah,arterial_highway,4,31.572101,74.425213,31.572626,74.431517,31.572364,74.428365,600.0,arterial,5,95,2803,2.64,3.37,moderate,moderate,moderate,1,4,1,6,4.05,0.6486,0.6202,62.4,moderate
SEG-0138,GT Road towards Wagah,arterial_highway,5,31.572626,74.431517,31.573152,74.43782,31.572889,74.434668,600.0,arterial,4,90,3982,2.04,4.25,moderate,moderate,moderate,0,4,1,11,3.87,0.6849,0.57,59.4,moderate
SEG-0139,GT Road towards Wagah,arterial_highway,6,31.573152,74.43782,31.573677,74.444123,31.573414,74.440972,600.0,arterial,4,90,4202,4.78,4.11,good,moderate,moderate,0,8,0,10,4.06,0.6997,0.5338,63.1,moderate
SEG-0140,GT Road towards Wagah,arterial_highway,7,31.573677,74.444123,31.574202,74.450427,31.57394,74.447275,600.0,arterial,5,80,4148,2.23,4.15,moderate,moderate,moderate,0,5,1,6,2.96,0.6751,0.6237,69.7,moderate
SEG-0141,GT Road towards Wagah,arterial_highway,8,31.574202,74.450427,31.574727,74.45673,31.574465,74.453578,600.0,arterial,6,85,2836,3.42,4.08,good,none,good,0,6,1,1,4.05,0.8484,0.6174,77.8,safe
SEG-0142,GT Road towards Wagah,arterial_highway,9,31.575,74.46,31.57576,74.462915,31.57538,74.461457,288.8,arterial,5,85,5291,2.72,3.14,poor,moderate,moderate,0,8,0,1,4.14,0.5278,0.6314,57.6,moderate
SEG-0143,GT Road towards Wagah,arterial_highway,10,31.57576,74.462915,31.577339,74.468972,31.576549,74.465944,600.1,arterial,5,90,4801,5.07,3.07,good,none,good,1,2,0,4,3.76,0.7843,0.7844,73.7,moderate
SEG-0144,GT Road towards Wagah,arterial_highway,11,31.577339,74.468972,31.578917,74.47503,31.578128,74.472001,600.1,arterial,6,95,2714,4.87,3.24,moderate,none,good,0,6,2,11,3.2,0.6937,0.4568,56.2,moderate
SEG-0145,GT Road towards Wagah,arterial_highway,12,31.578917,74.47503,31.580496,74.481087,31.579707,74.478058,600.1,arterial,4,95,3824,1.84,3.76,moderate,moderate,good,1,4,1,1,3.54,0.738,0.691,69.7,moderate
SEG-0146,GT Road towards Wagah,arterial_highway,13,31.580496,74.481087,31.582075,74.487144,31.581285,74.484116,600.0,arterial,5,95,5574,4.5,3.35,moderate,moderate,moderate,0,5,0,7,3.66,0.5825,0.6666,69.6,moderate
SEG-0147,GT Road towards Wagah,arterial_highway,14,31.582075,74.487144,31.583654,74.493202,31.582864,74.490173,600.0,arterial,5,100,4631,4.52,3.14,good,moderate,poor,0,4,1,2,3.38,0.594,0.6847,64.1,moderate
SEG-0148,GT Road towards Wagah,arterial_highway,15,31.583654,74.493202,31.585232,74.499259,31.584443,74.49623,600.0,arterial,6,85,3867,4.97,3.32,good,moderate,good,0,5,0,4,2.99,0.6968,0.72,66.3,moderate
SEG-0149,GT Road towards Wagah,arterial_highway,16,31.585232,74.499259,31.586811,74.505317,31.586022,74.502288,600.0,arterial,5,90,4426,3.37,3.43,moderate,moderate,poor,0,3,1,9,3.62,0.5587,0.6289,51.4,moderate
SEG-0150,GT Road towards Wagah,arterial_highway,17,31.586811,74.505317,31.58839,74.511374,31.587601,74.508345,600.0,arterial,4,95,4880,2.91,4.31,poor,moderate,good,0,6,1,5,3.2,0.6473,0.5984,63.3,moderate
SEG-0151,GT Road towards Wagah,arterial_highway,18,31.58839,74.511374,31.589969,74.517431,31.589179,74.514403,600.0,arterial,5,90,4109,2.86,3.3,moderate,moderate,moderate,1,8,1,11,4.08,0.6401,0.447,51.5,moderate
SEG-0152,GT Road towards Wagah,arterial_highway,19,31.589969,74.517431,31.591548,74.523489,31.590758,74.52046,600.0,arterial,6,95,3503,3.82,3.2,poor,none,good,1,4,1,3,3.61,0.6659,0.6667,69.6,moderate
SEG-0153,GT Road towards Wagah,arterial_highway,20,31.591548,74.523489,31.593126,74.529546,31.592337,74.526517,600.0,arterial,6,90,3122,5.35,3.38,good,none,moderate,0,3,1,6,4.08,0.7184,0.6484,62.8,moderate
SEG-0154,GT Road towards Wagah,arterial_highway,21,31.593126,74.529546,31.594705,74.535603,31.593916,74.532575,600.0,arterial,4,85,5145,1.81,2.92,good,moderate,moderate,1,6,0,7,3.37,0.7111,0.6461,66.4,moderate
SEG-0155,GT Road towards Wagah,arterial_highway,22,31.594705,74.535603,31.596284,74.541661,31.595495,74.538632,600.0,arterial,4,90,3851,4.05,3.87,good,none,moderate,1,7,1,4,3.54,0.8034,0.5702,67.3,moderate
SEG-0156,GT Road towards Wagah,arterial_highway,23,31.596284,74.541661,31.597863,74.547718,31.597073,74.544689,600.0,arterial,6,90,5063,5.33,3.14,good,none,moderate,1,5,0,5,3.62,0.7338,0.69,67.2,moderate
SEG-0157,GT Road towards Wagah,arterial_highway,24,31.597863,74.547718,31.599441,74.553776,31.598652,74.550747,599.9,arterial,6,95,2898,5.54,3.21,good,moderate,moderate,0,6,0,1,3.11,0.6293,0.7206,63.2,moderate
SEG-0158,GT Road towards Wagah,arterial_highway,25,31.599441,74.553776,31.60102,74.559833,31.600231,74.556804,599.9,arterial,4,85,5321,4.71,3.72,good,none,moderate,0,6,0,12,3.78,0.7517,0.5783,66.5,moderate
SEG-0159,GT Road towards Wagah,arterial_highway,26,31.60102,74.559833,31.602599,74.56589,31.60181,74.562862,599.9,arterial,4,100,4378,2.7,3.69,good,none,good,0,7,1,1,3.1,0.8375,0.6167,73.2,moderate
SEG-0160,GT Road towards Wagah,arterial_highway,27,31.602599,74.56589,31.604178,74.571948,31.603388,74.568919,599.9,arterial,6,95,4119,3.13,4.22,moderate,moderate,poor,0,3,1,11,3.33,0.6126,0.6154,69.0,moderate
SEG-0161,Raiwind Road (outer),arterial_highway,0,31.42,74.22,31.414604,74.22,31.417302,74.22,600.0,arterial,5,90,4552,6.36,3.76,good,none,moderate,0,7,2,12,3.25,0.7233,0.415,51.7,moderate
SEG-0162,Raiwind Road (outer),arterial_highway,1,31.414604,74.22,31.409208,74.22,31.411906,74.22,600.0,arterial,6,90,4566,5.39,3.28,moderate,moderate,moderate,1,10,1,13,3.27,0.5914,0.3908,44.3,risky
SEG-0163,Raiwind Road (outer),arterial_highway,2,31.409208,74.22,31.403812,74.22,31.40651,74.22,600.0,arterial,4,90,3763,2.89,3.81,moderate,none,poor,0,6,1,7,3.64,0.6664,0.563,68.9,moderate
SEG-0164,Raiwind Road (outer),arterial_highway,3,31.403812,74.22,31.398416,74.22,31.401114,74.22,600.0,arterial,4,85,4289,6.16,4.63,moderate,none,moderate,1,5,1,8,4.16,0.7364,0.5655,69.5,moderate
SEG-0165,Raiwind Road (outer),arterial_highway,4,31.398416,74.22,31.39302,74.22,31.395718,74.22,600.0,arterial,5,85,4398,3.98,4.58,good,none,moderate,0,6,2,14,3.57,0.8191,0.4123,57.8,moderate
SEG-0166,Raiwind Road (outer),arterial_highway,5,31.39302,74.22,31.387624,74.22,31.390322,74.22,600.0,arterial,4,90,4017,5.98,4.62,poor,none,good,0,6,2,12,4.4,0.6841,0.4097,61.0,moderate
SEG-0167,Raiwind Road (outer),arterial_highway,6,31.387624,74.22,31.382228,74.22,31.384926,74.22,600.0,arterial,6,85,6476,5.67,3.65,moderate,moderate,moderate,1,9,0,13,4.37,0.6093,0.462,55.4,moderate
SEG-0168,Raiwind Road (outer),arterial_highway,7,31.382228,74.22,31.376833,74.22,31.379531,74.22,600.0,arterial,4,95,4210,5.86,3.27,good,moderate,moderate,0,8,2,5,4.43,0.627,0.4282,59.7,moderate
SEG-0169,Raiwind Road (outer),arterial_highway,8,31.376833,74.22,31.371437,74.22,31.374135,74.22,600.0,arterial,6,80,6389,4.45,3.76,moderate,moderate,moderate,0,9,2,15,3.28,0.6091,0.3224,46.6,risky
SEG-0170,Raiwind Road (outer),arterial_highway,9,31.371437,74.22,31.366041,74.22,31.368739,74.22,600.0,arterial,5,100,4776,3.2,4.08,moderate,moderate,moderate,1,6,1,10,3.89,0.6825,0.5222,66.1,moderate
SEG-0171,Raiwind Road (outer),arterial_highway,10,31.366041,74.22,31.360645,74.22,31.363343,74.22,600.0,arterial,6,85,6477,4.84,3.83,moderate,moderate,moderate,0,6,2,5,4.22,0.6061,0.4928,54.5,moderate
SEG-0172,Raiwind Road (outer),arterial_highway,11,31.36,74.22,31.35543,74.218477,31.357715,74.219238,528.3,arterial,6,95,4441,3.91,4.34,moderate,none,poor,0,9,1,14,3.98,0.6804,0.3875,49.7,risky
SEG-0173,Raiwind Road (outer),arterial_highway,12,31.35543,74.218477,31.350241,74.216747,31.352836,74.217612,600.0,arterial,4,90,4763,5.25,3.41,good,none,poor,0,9,2,6,3.99,0.6722,0.4011,48.5,risky
SEG-0174,Raiwind Road (outer),arterial_highway,13,31.350241,74.216747,31.345051,74.215017,31.347646,74.215882,600.0,arterial,5,95,5910,6.07,3.84,moderate,none,moderate,1,5,2,6,3.56,0.6887,0.5307,65.0,moderate
SEG-0175,Raiwind Road (outer),arterial_highway,14,31.345051,74.215017,31.339861,74.213287,31.342456,74.214152,600.0,arterial,6,90,4662,4.37,3.55,good,none,moderate,1,6,1,6,4.02,0.7774,0.5627,69.8,moderate
SEG-0176,Raiwind Road (outer),arterial_highway,15,31.339861,74.213287,31.334672,74.211557,31.337267,74.212422,600.0,arterial,5,95,5017,4.9,4.17,moderate,none,poor,0,5,1,6,3.97,0.6512,0.5934,53.7,moderate
SEG-0177,Raiwind Road (outer),arterial_highway,16,31.334672,74.211557,31.329482,74.209827,31.332077,74.210692,600.0,arterial,4,85,6010,5.31,4.13,good,moderate,moderate,0,9,2,10,3.39,0.6911,0.3747,49.5,risky
SEG-0178,Raiwind Road (outer),arterial_highway,17,31.329482,74.209827,31.324292,74.208097,31.326887,74.208962,600.0,arterial,4,85,3577,5.15,3.78,moderate,moderate,moderate,0,6,1,10,3.36,0.5972,0.5381,60.2,moderate
SEG-0179,Raiwind Road (outer),arterial_highway,18,31.324292,74.208097,31.319103,74.206368,31.321698,74.207233,600.0,arterial,4,85,5114,4.37,4.28,good,none,poor,0,7,2,13,3.71,0.7431,0.3901,57.5,moderate
SEG-0180,Raiwind Road (outer),arterial_highway,19,31.319103,74.206368,31.313913,74.204638,31.316508,74.205503,600.0,arterial,5,90,5934,5.48,4.14,moderate,moderate,poor,0,10,2,7,4.19,0.5635,0.3549,50.0,moderate
SEG-0181,Raiwind Road (outer),arterial_highway,20,31.313913,74.204638,31.308723,74.202908,31.311318,74.203773,600.0,arterial,4,95,5925,4.89,3.69,good,moderate,poor,0,7,1,11,3.36,0.6214,0.4978,59.3,moderate
SEG-0182,Raiwind Road (outer),arterial_highway,21,31.308723,74.202908,31.303534,74.201178,31.306129,74.202043,600.0,arterial,4,100,5841,4.83,4.59,moderate,moderate,good,0,10,2,5,4.27,0.7038,0.3747,53.5,moderate
SEG-0183,Mall Road,urban_commercial,0,31.5778,74.3294,31.57286,74.331947,31.57533,74.330674,600.0,arterial,5,50,3433,5.93,3.74,good,moderate,moderate,1,2,1,5,2.39,0.6851,0.7394,71.2,moderate
SEG-0184,Mall Road,urban_commercial,1,31.57286,74.331947,31.56792,74.334495,31.57039,74.333221,600.0,arterial,5,40,4466,6.76,3.1,good,moderate,good,1,4,1,6,2.39,0.6795,0.67,61.3,moderate
SEG-0185,Mall Road,urban_commercial,2,31.565,74.336,31.562955,74.336976,31.563978,74.336488,245.4,arterial,5,50,3248,7.21,3.73,good,moderate,moderate,1,3,1,0,2.0,0.6604,0.7775,72.8,moderate
SEG-0186,Mall Road,urban_commercial,3,31.562955,74.336976,31.557957,74.33936,31.560456,74.338168,600.0,arterial,3,60,4278,3.0,3.79,good,none,good,0,3,1,6,1.99,0.8381,0.7111,73.1,moderate
SEG-0187,Mall Road,urban_commercial,4,31.557957,74.33936,31.552958,74.341745,31.555458,74.340553,600.0,arterial,5,45,3648,4.18,2.47,good,moderate,poor,1,4,1,0,2.49,0.5885,0.7336,68.0,moderate
SEG-0188,Jail Road,urban_commercial,0,31.5497,74.3433,31.544308,74.343071,31.547004,74.343186,600.0,arterial,3,50,3011,3.5,3.8,good,severe,moderate,1,6,0,4,2.48,0.6594,0.7062,70.4,moderate
SEG-0189,Jail Road,urban_commercial,1,31.544308,74.343071,31.538915,74.342842,31.541611,74.342957,600.0,arterial,3,50,2349,5.36,4.01,good,moderate,moderate,1,4,1,6,2.29,0.7126,0.673,64.1,moderate
SEG-0190,Jail Road,urban_commercial,2,31.538915,74.342842,31.533523,74.342613,31.536219,74.342728,600.0,arterial,4,50,3612,7.75,2.77,moderate,severe,moderate,0,3,1,3,2.87,0.4103,0.7181,59.6,moderate
SEG-0191,Jail Road,urban_commercial,3,31.5285,74.3424,31.528131,74.342419,31.528315,74.34241,41.1,arterial,4,45,4145,7.06,3.11,good,none,good,1,4,1,7,3.13,0.7495,0.6367,69.6,moderate
SEG-0192,Jail Road,urban_commercial,4,31.528131,74.342419,31.52274,74.342703,31.525435,74.342561,600.0,arterial,4,60,2720,4.66,3.71,moderate,severe,poor,0,5,0,7,3.09,0.477,0.6837,62.0,moderate
SEG-0193,Jail Road,urban_commercial,5,31.52274,74.342703,31.51735,74.342987,31.520045,74.342845,600.0,arterial,3,60,5170,8.22,3.93,poor,none,moderate,1,4,1,7,2.64,0.579,0.6514,56.8,moderate
SEG-0194,Jail Road,urban_commercial,6,31.51735,74.342987,31.511959,74.343271,31.514654,74.343129,600.0,arterial,3,50,3496,6.14,2.88,moderate,none,good,1,6,1,2,3.0,0.6774,0.6378,69.1,moderate
SEG-0195,MM Alam Road,urban_commercial,0,31.516,74.35,31.515914,74.349913,31.515957,74.349957,12.6,arterial,5,40,4412,7.81,2.75,moderate,moderate,moderate,1,3,0,3,2.13,0.5129,0.8153,62.7,moderate
SEG-0196,MM Alam Road,urban_commercial,1,31.515914,74.349913,31.511835,74.345771,31.513875,74.347842,600.0,arterial,4,55,2768,6.16,4.05,moderate,moderate,moderate,0,4,1,6,2.46,0.5951,0.6679,63.2,moderate
SEG-0197,Main Boulevard Gulberg,urban_commercial,0,31.521,74.338,31.516286,74.34108,31.518643,74.33954,600.0,arterial,3,50,3620,7.33,3.67,good,none,good,1,5,1,5,2.91,0.7794,0.6363,78.5,safe
SEG-0198,Main Boulevard Gulberg,urban_commercial,1,31.5135,74.3429,31.512069,74.340929,31.512785,74.341914,245.4,arterial,3,55,5597,5.41,3.63,good,none,good,0,5,1,6,3.18,0.7829,0.6171,72.2,moderate
SEG-0199,Main Boulevard Gulberg,urban_commercial,2,31.512069,74.340929,31.508571,74.33611,31.51032,74.33852,600.0,arterial,3,45,4402,5.54,2.96,good,moderate,good,1,5,1,9,3.25,0.6936,0.5817,63.1,moderate
SEG-0200,Main Boulevard Gulberg,urban_commercial,3,31.508571,74.33611,31.505073,74.331291,31.506822,74.333701,600.0,arterial,3,50,4630,6.47,3.45,moderate,severe,moderate,1,6,0,9,3.24,0.5068,0.6278,58.3,moderate
SEG-0201,Liberty - Kalma Chowk Link,urban_commercial,0,31.5095,74.3434,31.507142,74.337708,31.508321,74.340554,600.0,arterial,3,55,1546,2.39,3.02,moderate,moderate,good,1,5,1,1,2.56,0.6814,0.6913,69.0,moderate
SEG-0202,Liberty - Kalma Chowk Link,urban_commercial,1,31.507142,74.337708,31.504783,74.332015,31.505963,74.334861,600.0,arterial,5,45,4228,2.66,4.02,good,none,good,1,4,0,3,2.7,0.8889,0.769,87.5,safe
SEG-0203,Davis Road,urban_commercial,0,31.556,74.336,31.5559,74.336116,31.55595,74.336058,15.6,arterial,4,60,2989,5.7,2.53,good,none,moderate,0,3,0,2,3.17,0.6588,0.7952,77.2,safe
SEG-0204,Davis Road,urban_commercial,1,31.5559,74.336116,31.55206,74.340565,31.55398,74.338341,600.0,arterial,4,60,2433,3.28,2.61,good,moderate,poor,1,3,0,2,2.84,0.6141,0.8051,76.1,safe
SEG-0205,Empress Road,urban_commercial,0,31.564,74.328,31.559036,74.330482,31.561518,74.329241,600.0,arterial,3,60,3776,7.3,2.79,good,moderate,poor,1,4,1,4,3.41,0.55,0.6616,63.7,moderate
SEG-0206,Empress Road,urban_commercial,1,31.556,74.332,31.554852,74.334058,31.555426,74.333029,233.1,arterial,3,60,5535,6.57,2.88,moderate,severe,poor,1,6,1,7,3.01,0.4193,0.5819,46.0,risky
SEG-0207,Empress Road,urban_commercial,2,31.554852,74.334058,31.551898,74.339357,31.553375,74.336708,600.0,arterial,5,50,2974,6.73,3.16,good,none,poor,0,6,1,3,2.77,0.6288,0.6336,65.7,moderate
SEG-0208,Allama Iqbal Road,urban_commercial,0,31.555,74.32,31.549809,74.31827,31.552405,74.319135,600.0,arterial,3,45,3917,5.78,2.77,good,none,poor,1,5,1,7,2.82,0.6522,0.6168,68.0,moderate
SEG-0209,Allama Iqbal Road,urban_commercial,1,31.549809,74.31827,31.544619,74.31654,31.547214,74.317405,600.0,arterial,5,60,4156,8.22,3.53,moderate,moderate,moderate,1,6,1,9,3.18,0.554,0.5546,52.3,moderate
SEG-0210,Allama Iqbal Road,urban_commercial,2,31.54,74.315,31.539406,74.315,31.539703,74.315,66.1,arterial,4,55,2667,6.23,4.27,good,moderate,poor,0,4,1,6,2.63,0.6326,0.6628,68.6,moderate
SEG-0211,Allama Iqbal Road,urban_commercial,3,31.539406,74.315,31.53401,74.315,31.536708,74.315,600.0,arterial,5,60,5331,6.72,3.11,moderate,moderate,poor,1,7,0,8,3.2,0.5059,0.6109,51.2,moderate
SEG-0212,Wahdat Road,urban_commercial,0,31.505,74.303,31.500367,74.299757,31.502683,74.301378,600.0,arterial,3,55,3676,4.74,3.74,good,moderate,good,1,3,1,8,3.23,0.7574,0.6517,76.5,safe
SEG-0213,Wahdat Road,urban_commercial,1,31.500367,74.299757,31.495733,74.296513,31.49805,74.298135,600.0,arterial,5,45,4201,8.71,3.66,moderate,none,poor,1,7,0,3,3.11,0.5779,0.6692,69.1,moderate
SEG-0214,Wahdat Road,urban_commercial,2,31.495,74.296,31.492019,74.300018,31.493509,74.298009,505.0,arterial,5,60,5503,5.48,2.77,good,severe,moderate,1,7,1,3,2.57,0.5579,0.6104,54.6,moderate
SEG-0215,Wahdat Road,urban_commercial,3,31.492019,74.300018,31.488477,74.304792,31.490248,74.302405,600.0,arterial,5,50,4743,4.55,3.0,good,severe,good,1,6,1,5,3.04,0.6397,0.6032,63.7,moderate
SEG-0216,Airport Road,urban_commercial,0,31.5216,74.4036,31.517698,74.399228,31.519649,74.401414,600.0,arterial,5,40,4228,5.06,2.96,poor,moderate,moderate,0,6,0,6,3.34,0.4726,0.6581,53.0,moderate
SEG-0217,Airport Road,urban_commercial,1,31.517698,74.399228,31.513796,74.394856,31.515747,74.397042,600.0,arterial,3,60,4431,4.29,3.93,moderate,severe,poor,0,4,0,3,3.02,0.4977,0.7594,58.7,moderate
SEG-0218,Airport Road,urban_commercial,2,31.513796,74.394856,31.509894,74.390484,31.511845,74.39267,600.0,arterial,4,50,3557,7.19,2.74,good,moderate,poor,1,3,1,8,2.97,0.5489,0.6595,66.1,moderate
SEG-0219,Airport Road,urban_commercial,3,31.509894,74.390484,31.505993,74.386112,31.507944,74.388298,600.0,arterial,4,45,2735,7.02,2.94,moderate,severe,moderate,1,6,0,3,3.35,0.4646,0.6912,61.4,moderate
SEG-0220,Airport Road,urban_commercial,4,31.505,74.385,31.502522,74.381283,31.503761,74.383141,447.3,arterial,5,60,2893,8.51,4.18,good,moderate,moderate,1,3,0,7,3.06,0.6642,0.7429,69.9,moderate
SEG-0221,Airport Road,urban_commercial,5,31.502522,74.381283,31.499198,74.376297,31.50086,74.37879,600.0,arterial,5,50,3894,7.23,3.11,moderate,moderate,poor,1,3,0,8,2.93,0.4963,0.7357,59.8,moderate
SEG-0222,Airport Road,urban_commercial,6,31.499198,74.376297,31.495875,74.371312,31.497536,74.373805,600.0,arterial,4,50,5106,4.62,3.74,good,moderate,poor,1,5,1,5,2.62,0.6596,0.645,65.5,moderate
SEG-0223,Defence (DHA) Main Boulevard,affluent_residential,0,31.471,74.409,31.466895,74.413105,31.468947,74.411053,600.0,local,2,45,1123,0.0,4.18,good,none,good,1,0,0,2,0.0,0.9487,0.9778,92.0,safe
SEG-0224,Defence (DHA) Main Boulevard,affluent_residential,1,31.466895,74.413105,31.462789,74.417211,31.464842,74.415158,600.0,local,3,40,562,2.05,4.63,good,none,good,1,0,0,0,0.0,0.9384,1.0,94.2,safe
SEG-0225,Defence (DHA) Main Boulevard,affluent_residential,2,31.46,74.42,31.458935,74.421598,31.459467,74.420799,192.3,local,3,30,1535,1.24,4.27,good,moderate,moderate,0,1,0,0,2.04,0.7761,0.9096,71.7,moderate
SEG-0226,Defence (DHA) Main Boulevard,affluent_residential,3,31.458935,74.421598,31.455612,74.426582,31.457273,74.42409,600.0,local,2,30,979,1.41,4.65,good,moderate,good,1,1,0,1,1.0,0.8767,0.9297,95.7,safe
SEG-0227,Defence (DHA) Main Boulevard,affluent_residential,4,31.455612,74.426582,31.452289,74.431566,31.453951,74.429074,600.0,local,4,40,1241,1.63,4.35,good,none,moderate,0,1,0,0,1.19,0.8488,0.9351,85.6,safe
SEG-0228,Model Town Main Boulevard,affluent_residential,0,31.4847,74.3247,31.480594,74.320594,31.482647,74.322647,600.0,local,2,40,1316,1.02,4.34,good,none,moderate,1,1,0,1,1.02,0.8896,0.9291,90.1,safe
SEG-0229,Model Town Main Boulevard,affluent_residential,1,31.48,74.32,31.476489,74.316489,31.478244,74.318244,513.1,local,3,35,1070,1.29,4.08,good,none,good,1,0,0,0,0.0,0.9183,1.0,100.0,safe
SEG-0230,Cantt - Askari Road,affluent_residential,0,31.485,74.37,31.487729,74.375459,31.486365,74.372729,600.0,local,3,45,1741,1.3,4.46,good,none,moderate,1,2,0,1,1.53,0.8919,0.8847,88.1,safe
SEG-0231,Cantt - Askari Road,affluent_residential,1,31.49,74.38,31.490459,74.380917,31.490229,74.380459,100.8,local,2,50,1015,2.01,4.12,good,moderate,poor,1,0,0,1,0.0,0.7323,0.9889,87.3,safe
SEG-0232,Cantt - Askari Road,affluent_residential,2,31.490459,74.380917,31.493188,74.386376,31.491823,74.383647,600.0,local,3,45,985,1.88,4.43,good,none,moderate,1,2,0,1,2.23,0.8791,0.8637,90.8,safe
SEG-0233,Faisal Town Main Boulevard,affluent_residential,0,31.4858,74.3084,31.481574,74.304466,31.483687,74.306433,600.0,local,2,50,1536,2.44,4.26,good,none,good,1,1,0,0,2.06,0.908,0.909,90.9,safe
SEG-0234,Faisal Town Main Boulevard,affluent_residential,1,31.48,74.303,31.477424,74.300424,31.478712,74.301712,376.5,local,3,45,1616,3.11,4.7,good,none,moderate,1,2,0,1,1.38,0.8729,0.8892,87.6,safe
SEG-0235,Circular Road,old_city_dense,0,31.582,74.314,31.586547,74.31741,31.584274,74.315705,600.0,local,2,25,2450,9.37,1.98,moderate,none,good,0,5,0,4,2.28,0.5306,0.7413,62.1,moderate
SEG-0236,Circular Road,old_city_dense,1,31.59,74.32,31.590768,74.321229,31.590384,74.320615,144.4,local,1,30,2873,10.46,2.57,moderate,moderate,poor,0,4,1,6,2.9,0.372,0.6547,54.2,moderate
SEG-0237,Circular Road,old_city_dense,2,31.590768,74.321229,31.59396,74.326336,31.592364,74.323783,600.0,local,1,25,3252,10.45,2.65,poor,severe,poor,0,3,1,7,2.78,0.2272,0.6763,35.8,risky
SEG-0238,McLeod Road,old_city_dense,0,31.565,74.322,31.568773,74.317472,31.566886,74.319736,600.0,local,2,15,1848,7.84,1.2,moderate,severe,poor,0,5,0,7,2.39,0.2605,0.7047,49.7,risky
SEG-0239,McLeod Road,old_city_dense,1,31.57,74.316,31.573009,74.313593,31.571504,74.314797,404.9,local,2,20,2501,6.15,1.54,moderate,severe,moderate,0,2,0,6,2.73,0.3634,0.7931,54.5,moderate
SEG-0240,Anarkali - Lakshmi Chowk,old_city_dense,0,31.56,74.31,31.564107,74.314107,31.562054,74.312054,600.0,local,1,15,1534,5.74,2.01,moderate,severe,moderate,0,4,1,4,2.27,0.4005,0.6958,51.7,moderate
SEG-0241,Badami Bagh,old_city_dense,0,31.602,74.327,31.596931,74.329172,31.599466,74.328086,600.0,local,1,25,2178,13.09,2.03,moderate,moderate,moderate,0,6,0,9,3.21,0.3389,0.6287,51.3,moderate
SEG-0242,Badami Bagh,old_city_dense,1,31.595,74.33,31.591838,74.331265,31.593419,74.330632,371.4,local,2,30,3543,10.3,1.93,moderate,none,poor,0,5,0,3,3.15,0.41,0.7263,59.9,moderate
SEG-0243,Shahdara Town Roads,old_city_dense,0,31.6193,74.2934,31.615311,74.297667,31.617306,74.295534,600.0,local,1,25,1768,11.92,1.36,poor,severe,poor,0,5,0,3,3.09,0.119,0.7281,46.0,risky
SEG-0244,Shahdara Town Roads,old_city_dense,1,31.615,74.298,31.611212,74.301788,31.613106,74.299894,553.2,local,2,15,1620,12.12,1.45,poor,severe,moderate,0,2,0,5,2.02,0.1709,0.8255,49.7,risky
SEG-0245,Mughalpura - Baghbanpura,old_city_dense,0,31.565,74.355,31.569107,74.350893,31.567054,74.352946,600.0,local,1,25,3060,13.18,1.83,moderate,severe,moderate,1,6,1,6,2.88,0.2797,0.5969,41.6,risky
SEG-0246,Mughalpura - Baghbanpura,old_city_dense,1,31.569107,74.350893,31.573215,74.346785,31.571161,74.348839,600.0,local,2,25,3155,12.41,2.29,poor,severe,moderate,0,7,1,8,2.51,0.2179,0.5566,39.1,risky
SEG-0247,Mughalpura - Baghbanpura,old_city_dense,2,31.575,74.345,31.577682,74.343293,31.576341,74.344147,339.2,local,1,20,2573,13.12,2.05,moderate,severe,moderate,0,5,1,9,2.79,0.2646,0.5955,43.1,risky
SEG-0248,Mughalpura - Baghbanpura,old_city_dense,3,31.577682,74.343293,31.582425,74.340275,31.580054,74.341784,600.0,local,1,25,1956,7.56,1.35,moderate,severe,good,0,4,1,5,2.77,0.3751,0.6697,52.9,moderate
SEG-0249,Multan Road Industrial Belt,industrial,0,31.46,74.25,31.455037,74.247518,31.457518,74.248759,600.0,collector,4,40,3144,6.77,1.0,poor,moderate,poor,0,1,1,8,3.44,0.2681,0.7037,56.4,moderate
SEG-0250,Multan Road Industrial Belt,industrial,1,31.455037,74.247518,31.450074,74.245037,31.452555,74.246278,600.0,collector,3,65,1870,7.61,2.03,poor,none,poor,0,7,2,8,4.09,0.3917,0.4342,35.2,risky
SEG-0251,Multan Road Industrial Belt,industrial,2,31.450074,74.245037,31.44511,74.242555,31.447592,74.243796,600.0,collector,3,65,2334,6.22,1.96,poor,severe,poor,0,4,2,10,3.83,0.2634,0.5073,43.9,risky
SEG-0252,Multan Road Industrial Belt,industrial,3,31.44511,74.242555,31.440147,74.240074,31.442629,74.241314,600.0,collector,3,40,1847,11.74,2.32,poor,moderate,moderate,0,6,2,10,3.78,0.3074,0.4505,31.6,risky
SEG-0253,Multan Road Industrial Belt,industrial,4,31.440147,74.240074,31.435184,74.237592,31.437665,74.238833,600.0,collector,4,55,2224,10.28,2.47,moderate,none,poor,0,5,2,8,3.18,0.4441,0.5199,52.1,moderate
SEG-0254,Multan Road Industrial Belt,industrial,5,31.435184,74.237592,31.430221,74.23511,31.432702,74.236351,600.0,collector,3,60,1436,10.72,1.0,good,moderate,poor,0,3,2,1,3.29,0.344,0.6527,42.3,risky
SEG-0255,Multan Road Industrial Belt,industrial,6,31.43,74.235,31.425041,74.233347,31.42752,74.234173,573.3,collector,3,40,2368,10.99,1.44,poor,moderate,moderate,0,8,2,0,3.54,0.2664,0.5105,43.8,risky
SEG-0256,Multan Road Industrial Belt,industrial,7,31.425041,74.233347,31.419851,74.231617,31.422446,74.232482,600.0,collector,4,45,2749,12.63,2.14,good,moderate,moderate,0,4,1,3,3.61,0.4294,0.6667,55.9,moderate
SEG-0257,Sundar Industrial Estate Road,industrial,0,31.415,74.23,31.409658,74.22911,31.412329,74.229555,600.0,collector,4,45,2630,12.85,1.89,moderate,moderate,poor,0,10,2,10,4.22,0.2847,0.3206,32.6,risky
SEG-0258,Sundar Industrial Estate Road,industrial,1,31.409658,74.22911,31.404316,74.228219,31.406987,74.228664,600.0,collector,2,45,3754,8.53,2.33,moderate,none,poor,0,9,1,8,4.29,0.4682,0.4449,46.3,risky
SEG-0259,Sundar Industrial Estate Road,industrial,2,31.404316,74.228219,31.398974,74.227329,31.401645,74.227774,600.0,collector,3,60,3983,7.69,2.18,moderate,none,moderate,0,7,2,4,4.54,0.5246,0.4652,51.9,moderate
SEG-0260,Sundar Industrial Estate Road,industrial,3,31.398974,74.227329,31.393631,74.226439,31.396302,74.226884,600.0,collector,2,45,3326,11.85,2.7,poor,moderate,moderate,0,6,3,9,4.09,0.3291,0.3773,31.4,risky
SEG-0261,Sundar Industrial Estate Road,industrial,4,31.393631,74.226439,31.388289,74.225548,31.39096,74.225993,600.0,collector,2,45,3205,13.5,1.49,poor,none,poor,0,7,3,11,3.67,0.2475,0.3385,28.9,dangerous
SEG-0262,Sundar Industrial Estate Road,industrial,5,31.385,74.225,31.382956,74.224591,31.383978,74.224796,230.6,collector,2,70,3310,9.23,1.42,moderate,moderate,moderate,0,7,2,8,3.4,0.3732,0.4549,36.3,risky
SEG-0263,Sundar Industrial Estate Road,industrial,6,31.382956,74.224591,31.377637,74.223527,31.380297,74.224059,600.0,collector,4,65,3054,10.44,1.91,moderate,moderate,poor,0,6,1,5,3.77,0.3311,0.5813,46.9,risky
SEG-0264,Sundar Industrial Estate Road,industrial,7,31.377637,74.223527,31.372318,74.222464,31.374978,74.222996,600.0,collector,2,60,2529,9.67,2.46,good,moderate,poor,0,3,3,5,4.45,0.4549,0.4984,48.1,risky
SEG-0265,Sundar Industrial Estate Road,industrial,8,31.372318,74.222464,31.366999,74.2214,31.369659,74.221932,600.0,collector,4,50,3341,13.93,2.6,moderate,moderate,poor,0,6,3,16,3.67,0.3088,0.3121,30.4,risky
SEG-0266,Sundar Industrial Estate Road,industrial,9,31.366999,74.2214,31.36168,74.220336,31.36434,74.220868,600.0,collector,4,60,3304,9.53,2.16,moderate,severe,moderate,0,7,2,14,4.58,0.3388,0.3529,34.4,risky
SEG-0267,Quaid-e-Azam Industrial Estate Road,industrial,0,31.44,74.24,31.43481,74.23827,31.437405,74.239135,600.0,collector,3,40,2142,7.67,2.08,poor,none,poor,0,3,2,1,3.74,0.3937,0.6392,52.7,moderate
SEG-0268,Quaid-e-Azam Industrial Estate Road,industrial,1,31.43481,74.23827,31.42962,74.23654,31.432215,74.237405,600.0,collector,3,55,2788,14.43,1.93,moderate,moderate,moderate,0,8,1,4,3.34,0.3076,0.547,42.3,risky
SEG-0269,Quaid-e-Azam Industrial Estate Road,industrial,2,31.425,74.235,31.424455,74.234727,31.424727,74.234864,65.9,collector,2,65,2988,6.69,1.76,poor,moderate,poor,0,4,3,9,3.75,0.3171,0.4458,32.0,risky
SEG-0270,Quaid-e-Azam Industrial Estate Road,industrial,3,31.424455,74.234727,31.419492,74.232246,31.421973,74.233487,600.0,collector,4,45,1616,11.92,1.06,poor,none,poor,0,5,2,3,3.44,0.2503,0.5676,38.4,risky
SEG-0271,Walton Road,industrial,0,31.505,74.365,31.50227,74.370459,31.503635,74.36773,600.0,collector,3,45,4072,8.23,2.09,moderate,moderate,poor,0,8,3,7,4.66,0.3838,0.3241,34.9,risky
SEG-0272,Walton Road,industrial,1,31.5,74.375,31.499541,74.375918,31.49977,74.375459,100.9,collector,2,50,3919,8.6,2.37,moderate,severe,poor,0,9,2,15,3.43,0.3194,0.3179,31.8,risky
SEG-0273,Walton Road,industrial,2,31.499541,74.375918,31.496811,74.381377,31.498176,74.378648,600.0,collector,2,65,3323,14.18,1.2,moderate,none,poor,0,6,2,10,4.21,0.2916,0.4376,35.8,risky
SEG-0274,Johar Town Main Boulevard,mixed_residential,0,31.4697,74.2728,31.473226,74.277589,31.471463,74.275195,600.0,collector,4,50,1585,5.11,3.8,good,moderate,moderate,1,2,1,4,2.02,0.7042,0.7616,73.6,moderate
SEG-0275,Johar Town Main Boulevard,mixed_residential,1,31.475,74.28,31.476721,74.282409,31.47586,74.281205,298.0,collector,2,35,1641,7.07,3.43,good,none,poor,0,3,1,1,2.5,0.6393,0.7514,75.6,safe
SEG-0276,Township Main Boulevard,mixed_residential,0,31.4441,74.2965,31.449459,74.295763,31.44678,74.296131,600.0,collector,2,45,1704,4.44,4.26,moderate,moderate,poor,1,2,0,4,2.58,0.6205,0.8198,68.4,moderate
SEG-0277,Township Main Boulevard,mixed_residential,1,31.449459,74.295763,31.454818,74.295025,31.452139,74.295394,600.0,collector,4,50,1364,3.63,4.2,good,none,poor,1,4,1,5,2.83,0.7819,0.6679,76.9,safe
SEG-0278,Township Main Boulevard,mixed_residential,2,31.455,74.295,31.46005,74.293485,31.457525,74.294242,579.7,collector,3,50,1641,5.32,3.34,poor,none,moderate,0,2,0,1,1.94,0.5665,0.8724,71.8,moderate
SEG-0279,Iqbal Town Main Road,mixed_residential,0,31.495,74.29,31.490894,74.285894,31.492947,74.287947,600.0,collector,3,50,1072,3.61,3.72,good,none,moderate,1,3,1,3,1.93,0.8023,0.7463,73.6,moderate
SEG-0280,Iqbal Town Main Road,mixed_residential,1,31.49,74.285,31.489131,74.289844,31.489565,74.287422,469.3,collector,2,35,1817,3.62,3.46,moderate,moderate,moderate,0,4,0,3,1.91,0.6059,0.7927,74.6,moderate
SEG-0281,Iqbal Town Main Road,mixed_residential,2,31.489131,74.289844,31.488019,74.296036,31.488575,74.29294,600.0,collector,2,45,1770,6.4,2.9,poor,none,moderate,0,2,0,1,2.67,0.5187,0.8505,62.8,moderate
SEG-0282,Iqbal Town Main Road,mixed_residential,3,31.488019,74.296036,31.486908,74.302228,31.487464,74.299132,600.0,collector,2,40,1653,2.71,3.34,good,moderate,good,1,2,1,4,2.56,0.7704,0.7454,74.4,moderate
SEG-0283,Samanabad Main Road,mixed_residential,0,31.53,74.295,31.525893,74.299107,31.527947,74.297053,600.0,collector,4,50,1165,3.11,3.58,moderate,none,good,0,4,0,4,1.93,0.7479,0.781,76.2,safe
SEG-0284,Samanabad Main Road,mixed_residential,1,31.525,74.3,31.521787,74.303213,31.523394,74.301606,469.5,collector,2,30,2019,5.63,3.59,good,none,good,1,4,1,2,2.55,0.8063,0.7096,78.7,safe
SEG-0285,Garden Town Main Boulevard,mixed_residential,0,31.5,74.315,31.495894,74.310894,31.497947,74.312947,600.0,collector,2,40,1520,5.05,3.37,moderate,moderate,good,0,3,0,5,2.22,0.6234,0.7903,65.3,moderate
SEG-0286,Garden Town Main Boulevard,mixed_residential,1,31.495,74.31,31.491788,74.306788,31.493394,74.308394,469.4,collector,2,35,1148,4.71,3.04,moderate,none,moderate,0,4,1,2,2.03,0.6342,0.7252,68.6,moderate
SEG-0287,Shadman Market Road,mixed_residential,0,31.538,74.328,31.533196,74.325117,31.535598,74.326559,600.0,collector,2,30,1381,4.41,3.25,moderate,moderate,moderate,1,2,0,2,1.48,0.6079,0.875,74.0,moderate
SEG-0288,Shadman Market Road,mixed_residential,1,31.533,74.325,31.531497,74.330811,31.532249,74.327905,575.5,collector,4,45,2016,5.82,3.42,moderate,none,moderate,1,2,0,1,1.68,0.6671,0.8802,79.9,safe
SEG-0289,Shadman Market Road,mixed_residential,2,31.531497,74.330811,31.52993,74.336869,31.530714,74.33384,600.0,collector,4,35,1637,3.09,2.78,moderate,moderate,moderate,1,2,0,0,1.88,0.6033,0.8853,76.5,safe
SEG-0290,Ichhra Main Road,mixed_residential,0,31.53,74.315,31.525893,74.310893,31.527947,74.312947,600.0,collector,4,45,2659,5.42,3.59,poor,none,moderate,1,4,0,4,2.85,0.6103,0.7534,69.9,moderate
SEG-0291,Ichhra Main Road,mixed_residential,1,31.525,74.31,31.524483,74.314915,31.524741,74.312458,469.4,collector,3,40,1241,5.6,3.0,good,moderate,moderate,1,2,1,5,2.23,0.645,0.7442,63.9,moderate
SEG-0292,Ichhra Main Road,mixed_residential,2,31.524483,74.314915,31.523821,74.321198,31.524152,74.318057,600.0,collector,2,50,1309,6.71,3.98,poor,none,moderate,0,3,0,1,2.66,0.5804,0.8216,66.6,moderate
SEG-0293,Ichhra Main Road,mixed_residential,3,31.523821,74.321198,31.52316,74.32748,31.523491,74.324339,600.0,collector,3,40,1348,2.93,3.73,moderate,none,poor,1,3,0,4,2.45,0.6907,0.7946,64.8,moderate
SEG-0294,Ichhra Main Road,mixed_residential,4,31.52316,74.32748,31.522499,74.333762,31.522829,74.330621,600.0,collector,4,45,1598,4.89,3.29,moderate,moderate,poor,1,3,1,5,2.8,0.5514,0.6979,54.5,moderate
SEG-0295,Ichhra Main Road,mixed_residential,5,31.522499,74.333762,31.521837,74.340045,31.522168,74.336904,600.0,collector,2,40,2503,6.2,4.05,moderate,moderate,poor,0,3,1,1,2.24,0.5444,0.7592,60.4,moderate
SEG-0296,Ichhra Main Road,mixed_residential,6,31.521837,74.340045,31.521176,74.346327,31.521507,74.343186,600.0,collector,3,35,1231,7.02,3.66,good,none,moderate,1,5,1,4,2.63,0.7346,0.6558,64.1,moderate
SEG-0297,Garhi Shahu Road,mixed_residential,0,31.561,74.346,31.556541,74.349567,31.558771,74.347783,600.0,collector,4,50,1780,6.97,4.0,good,moderate,poor,1,4,1,4,2.39,0.6318,0.6922,64.5,moderate
SEG-0298,Garhi Shahu Road,mixed_residential,1,31.556,74.35,31.552135,74.353221,31.554067,74.35161,527.1,collector,4,40,1896,5.52,4.22,poor,none,moderate,1,3,0,1,1.99,0.6478,0.8417,71.1,moderate
SEG-0299,Bedian Road,outskirts_link,0,31.49,74.445,31.484723,74.446319,31.487361,74.44566,600.0,highway,2,80,1563,12.64,2.32,good,none,moderate,1,2,1,7,3.82,0.5455,0.6743,59.9,moderate
SEG-0300,Bedian Road,outskirts_link,1,31.484723,74.446319,31.479445,74.447639,31.482084,74.446979,600.0,highway,3,105,1818,9.43,2.16,poor,none,poor,0,5,2,6,3.75,0.3657,0.525,46.2,risky
SEG-0301,Bedian Road,outskirts_link,2,31.479445,74.447639,31.474168,74.448958,31.476807,74.448298,600.0,highway,2,90,1284,10.01,1.77,poor,none,moderate,0,6,1,3,4.34,0.3804,0.5865,48.4,risky
SEG-0302,Bedian Road,outskirts_link,3,31.47,74.45,31.468957,74.450522,31.469478,74.450261,126.1,highway,3,75,1835,10.71,3.12,poor,moderate,moderate,0,5,2,4,4.19,0.3767,0.534,47.3,risky
SEG-0303,Bedian Road,outskirts_link,4,31.468957,74.450522,31.463993,74.453003,31.466475,74.451762,600.0,highway,4,80,2163,7.2,2.14,poor,none,moderate,0,2,2,7,3.02,0.4562,0.6233,60.3,moderate
SEG-0304,Bedian Road,outskirts_link,5,31.463993,74.453003,31.45903,74.455485,31.461512,74.454244,600.0,highway,4,100,1702,12.1,2.36,poor,moderate,good,0,5,1,4,3.93,0.3531,0.6168,40.6,risky
SEG-0305,Bedian Road,outskirts_link,6,31.45903,74.455485,31.454067,74.457967,31.456548,74.456726,600.0,highway,3,100,2158,5.75,3.08,poor,none,moderate,0,2,1,5,3.02,0.5422,0.7205,61.3,moderate
SEG-0306,Barki Road,outskirts_link,0,31.53,74.42,31.525894,74.424106,31.527947,74.422053,600.0,highway,4,70,511,5.3,2.69,poor,none,poor,0,2,1,2,3.19,0.4762,0.7487,57.8,moderate
SEG-0307,Barki Road,outskirts_link,1,31.525894,74.424106,31.521787,74.428213,31.52384,74.42616,600.0,highway,4,65,594,6.01,2.2,good,none,moderate,0,2,0,7,2.78,0.6323,0.7805,71.5,moderate
SEG-0308,Barki Road,outskirts_link,2,31.521787,74.428213,31.517681,74.432319,31.519734,74.430266,600.0,highway,3,65,1116,6.4,2.92,moderate,none,moderate,0,2,1,0,3.85,0.595,0.7512,65.0,moderate
SEG-0309,Barki Road,outskirts_link,3,31.517681,74.432319,31.513574,74.436426,31.515628,74.434372,600.0,highway,4,80,1513,6.22,2.3,poor,none,poor,0,2,0,5,3.51,0.4346,0.7808,55.6,moderate
SEG-0310,Barki Road,outskirts_link,4,31.51,74.44,31.509646,74.440707,31.509823,74.440354,77.7,highway,4,75,342,6.71,2.89,poor,none,moderate,0,2,1,6,3.57,0.5123,0.6929,57.6,moderate
SEG-0311,Barki Road,outskirts_link,5,31.509646,74.440707,31.506917,74.446166,31.508282,74.443437,600.0,highway,2,60,582,9.83,1.95,poor,none,good,0,1,0,4,2.98,0.4451,0.837,56.6,moderate
SEG-0312,Barki Road,outskirts_link,6,31.506917,74.446166,31.504187,74.451626,31.505552,74.448896,600.0,highway,2,60,592,5.31,2.23,good,none,poor,0,3,1,1,3.18,0.5973,0.731,69.1,moderate
SEG-0313,Barki Road,outskirts_link,7,31.504187,74.451626,31.501457,74.457085,31.502822,74.454355,600.0,highway,4,85,350,3.17,2.82,poor,none,moderate,0,1,1,6,3.04,0.5743,0.738,65.7,moderate
SEG-0314,Raiwind Road (far outer),outskirts_link,0,31.3,74.2,31.294723,74.198681,31.297362,74.19934,600.0,highway,3,95,1469,5.56,3.01,poor,none,good,0,5,1,3,4.4,0.5914,0.6138,63.5,moderate
SEG-0315,Raiwind Road (far outer),outskirts_link,1,31.294723,74.198681,31.289446,74.197362,31.292085,74.198021,600.0,highway,3,80,1745,8.82,2.59,poor,none,good,0,3,1,8,3.59,0.504,0.6409,55.2,moderate
SEG-0316,Raiwind Road (far outer),outskirts_link,2,31.289446,74.197362,31.28417,74.196042,31.286808,74.196702,600.0,highway,3,85,1822,6.93,1.59,moderate,moderate,poor,0,4,1,8,4.16,0.3769,0.5946,50.9,moderate
SEG-0317,Raiwind Road (far outer),outskirts_link,3,31.28417,74.196042,31.278893,74.194723,31.281531,74.195383,600.0,highway,3,75,983,9.28,2.94,poor,none,good,0,3,1,4,3.56,0.5172,0.6863,60.6,moderate
SEG-0318,Raiwind Road (far outer),outskirts_link,4,31.278893,74.194723,31.273616,74.193404,31.276254,74.194064,600.0,highway,3,80,2087,11.79,2.96,moderate,none,moderate,0,2,1,7,3.32,0.4964,0.6893,66.1,moderate
SEG-0319,Raiwind Road (far outer),outskirts_link,5,31.273616,74.193404,31.268339,74.192085,31.270977,74.192744,600.0,highway,2,100,1173,9.49,1.91,poor,none,moderate,0,3,0,2,2.9,0.3989,0.8033,61.0,moderate
SEG-0320,Raiwind Road (far outer),outskirts_link,6,31.268339,74.192085,31.263062,74.190766,31.265701,74.191425,600.0,highway,2,95,2244,10.79,2.43,poor,none,poor,1,4,0,5,3.19,0.3871,0.7321,60.0,moderate
SEG-0321,Raiwind Road (far outer),outskirts_link,7,31.26,74.19,31.257785,74.189446,31.258893,74.189723,251.8,highway,2,75,2281,11.24,2.98,moderate,none,moderate,0,5,1,7,3.03,0.508,0.6105,54.5,moderate
SEG-0322,Raiwind Road (far outer),outskirts_link,8,31.257785,74.189446,31.252509,74.188127,31.255147,74.188787,600.0,highway,4,100,1555,7.62,3.22,good,none,moderate,0,4,1,9,4.26,0.6659,0.5805,60.0,moderate
SEG-0323,Raiwind Road (far outer),outskirts_link,9,31.252509,74.188127,31.247232,74.186808,31.24987,74.187468,600.0,highway,3,85,1355,6.25,1.78,poor,none,poor,0,5,1,7,3.98,0.4016,0.582,53.0,moderate
SEG-0324,Raiwind Road (far outer),outskirts_link,10,31.247232,74.186808,31.241955,74.185489,31.244594,74.186148,600.0,highway,4,65,1290,6.5,2.44,moderate,none,good,0,3,0,6,3.39,0.6131,0.7441,73.5,moderate
SEG-0325,Raiwind Road (far outer),outskirts_link,11,31.241955,74.185489,31.236678,74.18417,31.239317,74.184829,600.0,highway,2,90,1294,8.97,2.68,poor,moderate,moderate,0,5,1,5,3.35,0.3818,0.6231,49.4,risky
SEG-0326,Raiwind Road (far outer),outskirts_link,12,31.236678,74.18417,31.231402,74.18285,31.23404,74.18351,600.0,highway,4,70,1571,6.0,2.18,moderate,none,moderate,0,5,1,5,4.12,0.5563,0.6,55.4,moderate
SEG-0327,Raiwind Road (far outer),outskirts_link,13,31.231402,74.18285,31.226125,74.181531,31.228763,74.182191,600.0,highway,4,70,1875,8.55,2.83,moderate,none,poor,0,3,1,6,3.68,0.4991,0.6604,52.7,moderate
SEG-0328,Raiwind Road (far outer),outskirts_link,14,31.226125,74.181531,31.220848,74.180212,31.223487,74.180872,600.0,highway,2,70,771,7.09,2.68,poor,none,poor,0,2,0,7,3.5,0.4421,0.7589,58.3,moderate
SEG-0329,Shalimar Link Road,outskirts_link,0,31.575,74.345,31.577731,74.350462,31.576366,74.347731,600.0,highway,2,95,924,8.95,2.5,poor,none,moderate,0,5,0,7,2.89,0.4459,0.6897,48.0,risky
SEG-0330,Shalimar Link Road,outskirts_link,1,31.58,74.355,31.580462,74.355925,31.580231,74.355462,101.6,highway,2,90,1925,7.29,2.12,moderate,moderate,poor,1,2,1,2,3.16,0.4333,0.7496,55.8,moderate
SEG-0331,Shalimar Link Road,outskirts_link,2,31.580462,74.355925,31.583194,74.361388,31.581828,74.358656,600.0,highway,4,90,1255,7.04,1.82,moderate,none,good,0,4,1,5,3.86,0.5643,0.637,61.9,moderate
